{
  "high": {
    "precision": 0.7998549673676577,
    "recall": 0.8110294117647059,
    "f1-score": 0.805403431909456,
    "support": 1360.0
  },
  "low": {
    "precision": 0.7940320232896652,
    "recall": 0.8016164584864071,
    "f1-score": 0.7978062157221206,
    "support": 1361.0
  },
  "medium": {
    "precision": 0.6720128307939054,
    "recall": 0.655199374511337,
    "f1-score": 0.6634996041171813,
    "support": 1279.0
  },
  "accuracy": 0.758,
  "macro avg": {
    "precision": 0.7552999404837427,
    "recall": 0.7559484149208168,
    "f1-score": 0.7555697505829193,
    "support": 4000.0
  },
  "weighted avg": {
    "precision": 0.7569961874756634,
    "recall": 0.758,
    "f1-score": 0.7574447301651352,
    "support": 4000.0
  }
}