{
  "high": {
    "precision": 0.8191176470588235,
    "recall": 0.8191176470588235,
    "f1-score": 0.8191176470588235,
    "support": 1360.0
  },
  "low": {
    "precision": 0.7976961843052556,
    "recall": 0.8141072740631888,
    "f1-score": 0.8058181818181818,
    "support": 1361.0
  },
  "medium": {
    "precision": 0.6930455635491607,
    "recall": 0.6778733385457388,
    "f1-score": 0.6853754940711463,
    "support": 1279.0
  },
  "accuracy": 0.77225,
  "macro avg": {
    "precision": 0.7699531316377466,
    "recall": 0.7703660865559171,
    "f1-score": 0.7701037743160505,
    "support": 4000.0
  },
  "weighted avg": {
    "precision": 0.7715174456547074,
    "recall": 0.77225,
    "f1-score": 0.7718284505928853,
    "support": 4000.0
  }
}